{
    "ac_index": {
        "A": 1,
        "AA": 28,
        "B": 2,
        "BB": 16,
        "C": 5,
        "CC": 19,
        "D": 6,
        "DD": 20,
        "E": 3,
        "End": 30,
        "F": 4,
        "G": 8,
        "H": 7,
        "I": 9,
        "J": 10,
        "K": 11,
        "L": 29,
        "M": 12,
        "N": 25,
        "O": 15,
        "P": 23,
        "Q": 24,
        "R": 18,
        "S": 21,
        "Start": 0,
        "T": 22,
        "U": 13,
        "V": 14,
        "X": 17,
        "Y": 26,
        "Z": 27
    },
    "dense_act": "linear",
    "generated_at": "11/04/2023 22:11:54",
    "inter_mean_states": {
        "tasks": {
            "End": 0.0,
            "Start": 0.0,
            "T": 1.0902061855670102,
            "N": 1.0526315789473684,
            "P": 1.0178571428571428,
            "DD": 1.0454545454545454,
            "BB": 1.018181818181818,
            "K": 1.025974025974026,
            "CC": 1.1636363636363636,
            "R": 1.1288659793814433,
            "L": 1.0355029585798816,
            "U": 1.0530973451327434,
            "I": 1.0405405405405406,
            "Z": 1.1140350877192982,
            "Q": 1.0178571428571428,
            "V": 1.079646017699115,
            "F": 1.0253521126760563,
            "X": 1.0442477876106195,
            "D": 1.0225352112676056,
            "M": 1.0265486725663717,
            "AA": 1.0701754385964912,
            "B": 1.028169014084507,
            "A": 1.008450704225352,
            "C": 1.0140845070422535,
            "J": 1.0367504835589942,
            "E": 1.0140845070422535,
            "O": 1.018181818181818,
            "H": 1.028169014084507,
            "Y": 1.0175438596491229,
            "G": 1.0338028169014084,
            "S": 1.0618556701030928
        },
        "wip": 3.54
    },
    "l_size": 50,
    "log_size": 355,
    "loss": 0.00927192298695445,
    "lstm_act": "selu",
    "n_size": 15,
    "optim": "Nadam",
    "roles": {
        "Role 1": [
            "MNO-000002",
            "MNO-000003",
            "MNO-000001"
        ],
        "Role 2": [
            "DEF-000001",
            "DEF-000003",
            "DEF-000002"
        ],
        "Role 3": [
            "JKL-000003",
            "JKL-000002",
            "JKL-000001"
        ],
        "Role 4": [
            "GHI-000001",
            "GHI-000002",
            "GHI-000003"
        ],
        "Role 5": [
            "ABC-000001"
        ]
    },
    "roles_table": [
        {
            "role": "Role 2",
            "task": "Q"
        },
        {
            "role": "Role 5",
            "task": "P"
        },
        {
            "role": "Role 1",
            "task": "BB"
        },
        {
            "role": "Role 1",
            "task": "CC"
        },
        {
            "role": "Role 1",
            "task": "DD"
        },
        {
            "role": "Role 5",
            "task": "O"
        },
        {
            "role": "Role 4",
            "task": "X"
        },
        {
            "role": "Role 4",
            "task": "V"
        },
        {
            "role": "Role 4",
            "task": "U"
        },
        {
            "role": "Role 5",
            "task": "M"
        },
        {
            "role": "Role 3",
            "task": "Z"
        },
        {
            "role": "Role 3",
            "task": "AA"
        },
        {
            "role": "Role 5",
            "task": "N"
        },
        {
            "role": "Role 3",
            "task": "Y"
        },
        {
            "role": "Role 5",
            "task": "L"
        },
        {
            "role": "Role 5",
            "task": "A"
        },
        {
            "role": "Role 5",
            "task": "H"
        },
        {
            "role": "Role 5",
            "task": "G"
        },
        {
            "role": "Role 5",
            "task": "F"
        },
        {
            "role": "Role 5",
            "task": "E"
        },
        {
            "role": "Role 5",
            "task": "D"
        },
        {
            "role": "Role 5",
            "task": "C"
        },
        {
            "role": "Role 5",
            "task": "B"
        },
        {
            "role": "Role 2",
            "task": "R"
        },
        {
            "role": "Role 2",
            "task": "S"
        },
        {
            "role": "Role 2",
            "task": "T"
        },
        {
            "role": "Role 5",
            "task": "K"
        },
        {
            "role": "Role 5",
            "task": "J"
        },
        {
            "role": "Role 5",
            "task": "I"
        }
    ],
    "usr_index": {
        "ABC-000001": 1,
        "DEF-000001": 6,
        "DEF-000002": 9,
        "DEF-000003": 10,
        "End": 14,
        "GHI-000001": 2,
        "GHI-000002": 3,
        "GHI-000003": 5,
        "JKL-000001": 11,
        "JKL-000002": 12,
        "JKL-000003": 13,
        "MNO-000001": 4,
        "MNO-000002": 7,
        "MNO-000003": 8,
        "Start": 0
    }
}